{
    "accuracy": 0.7371469949312093,
    "precision": 0.7427702312789113,
    "recall": 0.7371469949312093
}